domain,category_code,date_added,notes
108engine.com,,2023-12-11,
24con-supply.com,,2023-12-12,
77kaoded.com,news,2023-12-11,
7mscorethai.live,,2023-12-11,
9carthai.com,,2023-12-11,
9engineer.com,,2023-12-11,
9final.com,,2023-12-11,
multi-smart.com,,2023-12-11,
thaimtb.com,,2023-12-11,
admincourt.go.th,pub,2023-12-11,
adslthailand.com,,2023-12-11,
agel-center.com,,2023-12-11,
aimc.or.th,,2023-12-11,
airasia.com,travel,2023-12-12,
ais.th,,2023-12-11,
ait.ac.th,edu,2023-12-11,
amarintv.com,,2023-12-11,
amlo.go.th,pub,2023-12-11,
amprohealth.com,,2023-12-11,
anime-i.com,,2023-12-11,
aobmobile.net,,2023-12-11,
appleforward.com,,2023-12-11,
archeep.com,,2023-12-11,
array.co.th,,2023-12-11,
aru.ac.th,edu,2023-12-11,
asco.or.th,finance,2023-12-12,
asean-law.senate.go.th,pub,2023-12-11,
au.edu,edu,2023-12-11,
audiocity.co.th,,2023-12-11,
autoatone.com,,2023-12-11,
autodeft.com,,2023-12-11,
autoinfo.co.th,,2023-12-11,
autostation.com,,2023-12-11,
avtechguide.com,,2023-12-11,
b-quik.com,,2023-12-11,
baanfinder.com,,2023-12-11,
baania.com,finance,2023-12-12,
baanruktalay.com,,2023-12-11,
babimild.com,,2023-12-11,
ball-lock.com,,2023-12-11,
ballzaa.com,,2023-12-11,
bangkokair.com,travel,2023-12-12,
bangkokbiznews.com,news,2023-12-11,
bangkokclassiccar.com,,2023-12-11,
bangkokdentalhospital.com,,2023-12-11,
bangkoklifenews.com,,2023-12-11,
bangkokpost.co.th,,2023-12-11,
bangkokpost.com,news,2023-12-11,
bangkoksite.com,,2023-12-11,
bangsaencabana.com,,2023-12-11,
banidea.com,,2023-12-11,
banmuang.co.th,,2023-12-11,
banramthai.com,,2023-12-11,
bareo-isyss.com,,2023-12-11,
batt2home.com,,2023-12-11,
be2hand.com,,2023-12-11,
beartai.com,,2023-12-11,
bectero.com,,2023-12-11,
bemplc.co.th,,2023-12-11,
biocian.com,,2023-12-11,
bison2bi.com,,2023-12-11,
bitcointhailand.org,,2023-12-11,
bitkub.com,finance,2023-12-12,
bkksr.com,entertainment,2023-12-12,
bkkthon.ac.th,edu,2023-12-11,
blognone.com,news,2023-12-12,
bmta.co.th,travel,2023-12-12,
boontoday.com,,2023-12-11,
bot.or.th,pub,2023-12-11,
boxzaracing.com,,2023-12-11,
bqsf.dmsc.moph.go.th,pub,2023-12-11,
brighttv.co.th,,2023-12-11,
broadcastthai.com,,2023-12-11,
brr.ac.th,edu,2023-12-11,
bru.ac.th,edu,2023-12-11,
bsru.ac.th,edu,2023-12-11,
bts.co.th,,2023-12-11,
bu.ac.th,edu,2023-12-11,
bugaboo.tv,,2023-12-11,
buu.ac.th,edu,2023-12-11,
car250.com,,2023-12-11,
car2day.com,,2023-12-11,
carbatterycb.com,,2023-12-11,
carvariety.com,,2023-12-11,
ch3plus.com,,2023-12-11,
ch3thailand.com,entertainment,2023-12-12,
ch7.com,news,2023-12-11,
chandra.ac.th,edu,2023-12-11,
checkraka.com,,2023-12-11,
chemtrack.org,,2023-12-11,
chiangmainews.co.th,news,2023-12-11,
chillpainai.com,,2023-12-11,
chomthai.com,,2023-12-11,
choosewithcareclub.com,,2023-12-11,
chula.ac.th,edu,2023-12-11,
clinictech.ops.go.th,pub,2023-12-11,
cloverink.com,blog,2023-12-12,
cma.in.th,finance,2023-12-12,
cmru.ac.th,edu,2023-12-11,
cmu.ac.th,edu,2023-12-11,
colo.in.th,,2023-12-11,
come.in.th,,2023-12-11,
condonewb.com,,2023-12-11,
coolism.net,,2023-12-11,
cosmenet.in.th,,2023-12-11,
cpru.ac.th,edu,2023-12-11,
cri.or.th,edu,2023-12-11,
crru.ac.th,edu,2023-12-11,
culture.go.th,pub,2023-12-11,
dailynews.co.th,news,2023-12-11,
dara2you.com,,2023-12-11,
dbd.go.th,government,2023-12-12,
dcce.go.th,pub,2023-12-11,
debutmail.com,,2023-12-11,
dek-d.com,,2023-12-11,
dek-eng.com,,2023-12-11,
deliveree.com,service,2023-12-12,
dgr.go.th,pub,2023-12-11,
dhammajak.net,,2023-12-11,
dhammathai.org,,2023-12-11,
dharma-gateway.com,,2023-12-11,
digitalmore.co,,2023-12-11,
dla.go.th,pub,2023-12-11,
dld.go.th,pub,2023-12-11,
doae.go.th,pub,2023-12-11,
dochord.com,,2023-12-11,
doduangd.com,,2023-12-11,
doisaengdham.org,,2023-12-11,
dooasia.com,,2023-12-11,
dooball678.com,,2023-12-11,
dpu.ac.th,edu,2023-12-11,
dreampoem.com,,2023-12-11,
dric.nrct.go.th,pub,2023-12-11,
droidsans.com,,2023-12-11,
dru.ac.th,edu,2023-12-11,
e-abroad.com,,2023-12-11,
efinancethai.com,,2023-12-11,
easysunday.com,insurance,2023-12-12,
eau.ac.th,edu,2023-12-11,
edcbooking.com,,2023-12-11,
edtguide.com,,2023-12-11,
ejan.co,news,2023-12-11,
engr.tu.ac.th,edu,2023-12-11,
engtest.net,,2023-12-11,
enrichenergy.co.th,,2023-12-11,
entraining.net,,2023-12-11,
esguniverse.com,,2023-12-11,
esprel.labsafety.nrct.go.th,pub,2023-12-11,
extremeit.com,,2023-12-11,
factoryguideline.com,,2023-12-11,
fahfahsworld.com,,2023-12-11,
fast-english.com,,2023-12-11,
feedforfuture.co,,2023-12-11,
fetco.or.th,finance,2023-12-12,
flashexpress.com,service,2023-12-12,
flashfly.net,,2023-12-11,
fmas.co.th,insurance,2023-12-12,
forest.go.th,pub,2023-12-11,
fpo.go.th,pub,2023-12-11,
freesplans.com,,2023-12-11,
freethailand.com,,2023-12-11,
friend.co.th,,2023-12-11,
ftawatch.org,,2023-12-11,
fti.or.th,finance,2023-12-12,
fwd.co.th,insurance,2023-12-12,
gasthai.com,,2023-12-11,
gedgoodlife.com,,2023-12-11,
gensiri.com,insurance,2023-12-12,
ghbank.co.th,,2023-12-11,
git.or.th,,2023-12-11,
glory-manutd.club,,2023-12-11,
gmember.com,,2023-12-11,
gmm25.com,entertainment,2023-12-12,
goldhips.com,,2023-12-11,
gowabi.com,service,2023-12-12,
gprocurement.go.th,pub,2023-12-11,
grandprix.co.th,,2023-12-11,
guideubon.com,,2023-12-11,
guitarthai.com,,2023-12-11,
hamanan.com,,2023-12-11,
hamsiam.com,,2023-12-11,
happy2jobs.com,,2023-12-11,
hcu.ac.th,edu,2023-12-11,
hd-playground.com,,2023-12-11,
headlightmag.com,,2023-12-11,
healthserv.net,,2023-12-11,
healthstation.in.th,,2023-12-11,
hewhew.com,,2023-12-11,
hflight.net,,2023-12-11,
hfocus.org,,2023-12-11,
highendgaming.in.th,,2023-12-11,
higher.co.th,,2023-12-11,
hkmyleaf.com,,2023-12-11,
holidaythai.com,,2023-12-11,
hometophit.com,,2023-12-11,
hong-pak.com,,2023-12-11,
housesamyan.com,entertainment,2023-12-12,
iaathai.org,finance,2023-12-12,
iamcar.net,,2023-12-11,
ibio.co.th,,2023-12-11,
ibioworld.com,,2023-12-11,
ies-thailand.com,,2023-12-11,
igetweb.com,,2023-12-11,
ilaw.or.th,cso,2023-12-11,
impact.co.th,,2023-12-11,
industry.in.th,,2023-12-11,
innnews.co.th,news,2023-12-11,
insurverse.co.th,insurance,2023-12-12,
intage-analytics.com,research,2023-12-12,
interscholarship.com,,2023-12-11,
intouchcompany.com,,2023-12-11,
invent.co.th,research,2023-12-12,
iphone-droid.net,,2023-12-11,
iphone2hands.com,,2023-12-11,
iplusview.com,,2023-12-11,
isranews.org,news,2023-12-11,
issue247.com,,2023-12-11,
japankiku.com,,2023-12-11,
jeab.com,,2023-12-11,
jobth.com,,2023-12-11,
jogandjoy.com,,2023-12-11,
jrmotor.com,,2023-12-11,
jtdic.com,,2023-12-11,
k-heuer.com,,2023-12-11,
kachon.com,,2023-12-11,
kalyanamitra.org,,2023-12-11,
kanchanapisek.or.th,,2023-12-11,
kanlayano.org,,2023-12-11,
kaohoon.com,news,2023-12-11,
kapook.com,portal,2023-12-11,
kbu.ac.th,edu,2023-12-11,
ketshopweb.com,service,2023-12-12,
khaosod.co.th,news,2023-12-11,
khaosodenglish.com,,2023-12-11,
khobsanam.com,,2023-12-11,
khonthai.com,,2023-12-11,
kids.ru.ac.th,edu,2023-12-11,
kindeeyunuea.com,,2023-12-11,
kitchenwaremarket.com,,2023-12-11,
kku.ac.th,edu,2023-12-11,
kmitl.ac.th,edu,2023-12-11,
kmutnb.ac.th,edu,2023-12-11,
kmutt.ac.th,edu,2023-12-11,
komchadluek.net,news,2023-12-11,
kpru.ac.th,edu,2023-12-11,
krirk.ac.th,edu,2023-12-11,
kroobannok.com,,2023-12-11,
kru.ac.th,edu,2023-12-11,
krungthai-axa.co.th,insurance,2023-12-12,
kruwandee.com,,2023-12-11,
ku.ac.th,edu,2023-12-11,
lazada.co.th,commerce,2023-12-11,
lcdtvthailand.com,,2023-12-11,
ldd.go.th,pub,2023-12-11,
lensowheel.co.th,,2023-12-11,
library.parliament.go.th,pub,2023-12-11,
lidoconnect.com,entertainment,2023-12-12,
lionairthai.com,travel,2023-12-12,
live-platforms.com,finance,2023-12-12,
lnwshop.com,commerce,2023-12-11,
lomtoe.club,,2023-12-11,
longdo.com,,2023-12-11,
lpru.ac.th,edu,2023-12-11,
lru.ac.th,edu,2023-12-11,
mac-thai.com,community,2023-12-12,
madan.fun,,2023-12-11,
mahamodo.com/,,2023-12-11,
mahamongkol.com,,2023-12-11,
mahidol.ac.th,edu,2023-12-11,
maitreeav.com,,2023-12-11,
majorcineplex.com,entertainment,2023-12-12,
majorhollywood.com,entertainment,2023-12-12,
makewebeasy.com,,2023-12-11,
mamaexpert.com,,2023-12-11,
mana-thailand.net,,2023-12-11,
mangozero.com,,2023-12-11,
marketingoops.com,,2023-12-11,
maruey.com,finance,2023-12-12,
matichon.co.th,news,2023-12-11,
matichonweekly.com,news,2023-12-11,
mcot.net,entertainment,2023-12-12,
mcru.ac.th,edu,2023-12-11,
meemodel.com,,2023-12-11,
mekhanews.com,,2023-12-11,
mgronline.com,news,2023-12-11,
mhesi.go.th,pub,2023-12-11,
mirakar.com,,2023-12-11,
mju.ac.th,edu,2023-12-11,
mmtc.ac.th,edu,2023-12-11,
mobileocta.com,,2023-12-11,
moc.go.th,pub,2023-12-11,
mocyc.com,,2023-12-11,
mof.go.th,government,2023-12-12,
moi.go.th,pub,2023-12-11,
moj.go.th,pub,2023-12-11,
moneyandbanking.co.th,,2023-12-11,
mono-mobile.com,,2023-12-11,
moomove.com,,2023-12-11,
most.go.th,pub,2023-12-11,
mot.go.th,pub,2023-12-11,
motorexpo.co.th,,2023-12-11,
mreport.co.th,,2023-12-11,
msu.ac.th,edu,2023-12-11,
muangthai.co.th,insurance,2023-12-12,
muaythai2000.com,,2023-12-11,
muaythaibangbon.com,,2023-12-11,
munkonggadget.com,,2023-12-11,
mushroomtravel.com,,2023-12-11,
musicatm.com/,,2023-12-11,
mut.ac.th,edu,2023-12-11,
mydrmobile.com,,2023-12-11,
n-content.com,,2023-12-11,
naewna.com,news,2023-12-11,
nangdee.com,,2023-12-11,
nano-machinery.com,,2023-12-11,
nanosoft.co.th,,2023-12-11,
nationthailand.com,news,2023-12-11,
nationtv.tv,news,2023-12-11,
nectec.or.th,,2023-12-11,
neko-miku.com,,2023-12-11,
nemotour.com,,2023-12-11,
newtv.co.th,,2023-12-11,
nextsteptv.com,,2023-12-11,
nida.ac.th,edu,2023-12-11,
nimt.or.th,,2023-12-11,
nineled.com,,2023-12-11,
ninemove.com,,2023-12-11,
nkgen.com,,2023-12-11,
nmm.ac.th,edu,2023-12-11,
nobicha.co.th,food,2023-12-12,
nokair.com,travel,2023-12-12,
notebookfocus.com,,2023-12-11,
novabizz.com,,2023-12-11,
npc-se.co.th,,2023-12-11,
npru.ac.th,edu,2023-12-11,
nrct.go.th,pub,2023-12-11,
nrru.ac.th,edu,2023-12-11,
nso.go.th,pub,2023-12-11,
nsru.ac.th,edu,2023-12-11,
nstda.or.th,,2023-12-11,
nstdachannel.tv,,2023-12-11,
nstru.ac.th,edu,2023-12-11,
nu.ac.th,edu,2023-12-11,
number9corp.com,,2023-12-11,
numwan.com,,2023-12-11,
obec.go.th,pub,2023-12-11,
odaijinipet.com,,2023-12-11,
oic.or.th,,2023-12-11,
oknation.net,,2023-12-11,
omise.co,finance,2023-12-12,
onec.go.th,pub,2023-12-11,
onep.go.th,pub,2023-12-11,
onesqa.or.th,,2023-12-11,
onlb.go.th,pub,2023-12-11,
online-station.net,,2023-12-11,
opdc.go.th,pub,2023-12-11,
ops.moc.go.th,pub,2023-12-11,
orient-thai.com,travel,2023-12-12,
orst.go.th,pub,2023-12-11,
oryor.com,,2023-12-11,
otp.go.th,pub,2023-12-11,
overclockzone.com,,2023-12-11,
paiduaykan.com,,2023-12-11,
pakornblog.com,,2023-12-11,
palungnganwanni.com,,2023-12-11,
panteethai.com,,2023-12-11,
pantip.com,,2023-12-11,
papaiwat.com,,2023-12-11,
payap.ac.th,edu,2023-12-11,
pbru.ac.th,edu,2023-12-11,
pcd.go.th,pub,2023-12-11,
pcresource.co.th,,2023-12-11,
pdamobiz.com,,2023-12-11,
perdsorbtoday.com,,2023-12-11,
perfectcarthailand.com,,2023-12-11,
person.doae.go.th,pub,2023-12-11,
petburi.go.th,pub,2023-12-11,
pharmacafe.com,,2023-12-11,
pharmacy.mahidol.ac.th,edu,2023-12-11,
piyanas.com,,2023-12-11,
pkru.ac.th,edu,2023-12-11,
plag.grad.chula.ac.th,edu,2023-12-11,
plazathai.com,,2023-12-11,
pnru.ac.th,edu,2023-12-11,
poems.in.th,,2023-12-11,
polball.club,,2023-12-11,
polyplus.co.th,,2023-12-11,
posttoday.com,news,2023-12-11,
powerbuy.co.th,commerce,2023-12-11,
pptvhd36.com,news,2023-12-11,
prachachat.net,news,2023-12-11,
prachatai.com,news,2023-12-11,
prakunrod.com,insurance,2023-12-12,
prd.go.th,pub,2023-12-11,
premacare.co.th,,2023-12-11,
press.in.th,,2023-12-11,
presscouncil.or.th,,2023-12-11,
priceza.com,,2023-12-11,
primal.co.th,,2023-12-12,
propertyhub.in.th,,2023-12-11,
propso.com,,2023-12-11,
prsociety.net,,2023-12-11,
psru.ac.th,edu,2023-12-11,
psu.ac.th,edu,2023-12-11,
ptasia.biz,,2023-12-11,
ptstesting.com,,2023-12-11,
ptu.ac.th,edu,2023-12-11,
puppada.com,,2023-12-11,
qsbg.or.th,,2023-12-11,
qsbg.org,,2023-12-11,
queensavang.org,,2023-12-11,
rabbitlife.co.th,insurance,2023-12-12,
raidentires.com,,2023-12-11,
railway.co.th,travel,2023-12-12,
rajapark.ac.th,edu,2023-12-11,
rakball.com,,2023-12-11,
rakluke.com,,2023-12-11,
rbru.ac.th,edu,2023-12-11,
readthecloud.co,news,2023-12-11,
reic.or.th,,2023-12-11,
renthub.in.th,,2023-12-11,
reru.ac.th,edu,2023-12-11,
residences.in.th,,2023-12-11,
richestsupply.com,,2023-12-11,
rid.go.th,pub,2023-12-11,
riska.ac.th,edu,2023-12-11,
rmu.ac.th,edu,2023-12-11,
rmuti.ac.th,edu,2023-12-11,
rmutk.ac.th,edu,2023-12-11,
rmutl.ac.th,edu,2023-12-11,
rmutp.ac.th,edu,2023-12-11,
rmutr.ac.th,edu,2023-12-11,
rmutsb.ac.th,edu,2023-12-11,
rmutsv.ac.th,edu,2023-12-11,
rmutt.ac.th,edu,2023-12-11,
rmutto.ac.th,edu,2023-12-11,
rocketsound.co.th,,2023-12-11,
roigoo.com,,2023-12-11,
roojai.com,insurance,2023-12-12,
roonnhaidee.com,,2023-12-11,
roytawan.com,,2023-12-11,
rru.ac.th,edu,2023-12-11,
rsathai.org,,2023-12-11,
rsu.ac.th,edu,2023-12-11,
ru.ac.th,edu,2023-12-11,
rukkroo.com,,2023-12-11,
rvp.co.th,,2023-12-11,
ryoiireview.com,,2023-12-11,
sacthailand.com,,2023-12-11,
sahavith.ac.th,edu,2023-12-11,
sanook.com,portal,2023-12-11,
sau.ac.th,edu,2023-12-11,
sbdc.co.th,,2023-12-11,
scbprotect.co.th,insurance,2023-12-12,
scbs.com,,2023-12-11,
scghome.com,insurance,2023-12-12,
se-ed.com,,2023-12-11,
sec.or.th,government,2023-12-12,
selectcon.com,,2023-12-11,
seminardd.com,,2023-12-11,
sentangsedtee.com,,2023-12-11,
set.or.th,,2023-12-11,
setgroup.or.th,finance,2023-12-12,
setinvestnow.com,,2023-12-11,
setsmart.com,finance,2023-12-12,
setsocialimpact.com,finance,2023-12-12,
setsustainability.com,finance,2023-12-12,
settrade.com,,2023-12-11,
sfcinemacity.com,entertainment,2023-12-12,
share2trade.com,,2023-12-11,
shecu.chula.ac.th,edu,2023-12-11,
shineon.in.th,,2023-12-11,
shopdd.in.th,,2023-12-11,
shopee.co.th,commerce,2023-12-11,
showwallpaper.com,,2023-12-11,
siambig.com,,2023-12-11,
siamblockchain.com,finance,2023-12-12,
siamcomic.com,,2023-12-11,
siamhealth.net,,2023-12-11,
siaminside.com,,2023-12-11,
siamliverpool.club,,2023-12-11,
siamphone.com,,2023-12-11,
siamrath.co.th,news,2023-12-11,
siamshop.com,,2023-12-11,
siamsport.co.th,news,2023-12-11,
siamstamp.com,,2023-12-11,
siamu.ac.th,edu,2023-12-11,
silpa-mag.com,news,2023-12-11,
sirindhorn.net,,2023-12-11,
sisaketedu1.go.th,pub,2023-12-11,
siu.ac.th,edu,2023-12-11,
siweb1.dss.go.th,pub,2023-12-11,
skball.net,,2023-12-11,
slri.or.th,,2023-12-11,
smartsme.co.th,,2023-12-11,
sme.go.th,pub,2023-12-11,
smilehomes.com,,2023-12-11,
smiletransport.com,,2023-12-11,
snru.ac.th,edu,2023-12-11,
soccersuck.com,,2023-12-11,
sombunwit.ac.th,edu,2023-12-11,
somkiet.com,,2023-12-11,
springnews.co.th,news,2023-12-11,
spu.ac.th,edu,2023-12-11,
sritown.com,,2023-12-11,
srru.ac.th,edu,2023-12-11,
sru.ac.th,edu,2023-12-11,
sskru.ac.th,edu,2023-12-11,
ssru.ac.th,edu,2023-12-11,
ssservices.co.th,service,2023-12-12,
sthaiudom.com,,2023-12-11,
stjohn.ac.th,edu,2023-12-11,
stockwave.in.th,,2023-12-11,
stonemetalfire.com,,2023-12-11,
stormclub.com,,2023-12-11,
stou.ac.th,edu,2023-12-11,
student-weekly.com,,2023-12-11,
studentloan.or.th,pub,2023-12-11,
su.ac.th,edu,2023-12-11,
suanboard.net,,2023-12-11,
sudkum.com,,2023-12-11,
sugarzone.in.th,,2023-12-11,
sukadee.com,,2023-12-11,
supersubthailand.com,,2023-12-11,
sut.ac.th,edu,2023-12-11,
swu.ac.th,edu,2023-12-11,
taladnudbaan.com,,2023-12-11,
tanutrading.com,,2023-12-11,
taradnud24.com,,2023-12-11,
taradpra.com,,2023-12-11,
taradthong.com,,2023-12-11,
tartoh.com,,2023-12-11,
tataya.com,,2023-12-11,
tba.or.th,finance,2023-12-12,
tddf.or.th,,2023-12-11,
technologychaoban.com,,2023-12-11,
techoffside.com,,2023-12-11,
temsiri.com,,2023-12-11,
tencent.co.th,,2023-12-11,
teroradio.com,,2023-12-11,
tfac.or.th,finance,2023-12-12,
tfex.co.th,,2023-12-11,
th.openrice.com,,2023-12-11,
thai-explore.net,,2023-12-11,
thai-iod.com,finance,2023-12-12,
thai-tour.com,,2023-12-11,
thaiabc.com,,2023-12-11,
thaiairways.com,travel,2023-12-12,
thaiall.com,,2023-12-11,
thaibabyname.com,,2023-12-11,
thaibadminton.com,,2023-12-11,
thaibma.or.th,finance,2023-12-12,
thaicadet.org,,2023-12-11,
thaicar.com,,2023-12-11,
thaicarlover.com,,2023-12-11,
thaich8.com,entertainment,2023-12-12,
thaichamber.org,finance,2023-12-12,
thaicinema.org,,2023-12-11,
thaiclinic.com,,2023-12-11,
thaicontractor.com,,2023-12-11,
thaiddns.com,,2023-12-11,
thaidreamhost.com,,2023-12-11,
thaifitway.com,,2023-12-11,
thaifly.com,,2023-12-11,
thaifooddb.com,,2023-12-11,
thaifranchisecenter.com,,2023-12-11,
thaigold.info,,2023-12-11,
thaigoodview.com,,2023-12-11,
thaihealth.or.th,pub,2023-12-11,
thaihometown.com,,2023-12-11,
thaihoteljob.com,,2023-12-11,
thaiinvestors.com,finance,2023-12-12,
thailandcube.com,,2023-12-11,
thailandindustry.com,,2023-12-11,
thailandplus.tv,,2023-12-11,
thailandwealth.com,,2023-12-11,
thailca.com,finance,2023-12-12,
thailife.com,insurance,2023-12-12,
thaimobilecenter.com,,2023-12-11,
thainame.net,,2023-12-11,
thainews.prd.go.th,news,2023-12-11,
thainewsonline.co,,2023-12-11,
thaionepiece.com,,2023-12-11,
thaiorc.com,,2023-12-11,
thaipattern.com,,2023-12-11,
thaipbs.or.th,news,2023-12-11,
thaipoem.com,,2023-12-11,
thaipost.net,news,2023-12-11,
thairath.co.th,news,2023-12-11,
thaiscooter.com,,2023-12-11,
thaiseoboard.com,community,2023-12-12,
thaismescenter.com,,2023-12-11,
thaismileair.com,travel,2023-12-12,
thaisync.com,,2023-12-11,
thaitechnics.com,,2023-12-11,
thaitechno.net,,2023-12-11,
thaithesis.org,,2023-12-11,
thaitrainingzone.com,,2023-12-11,
thaitravelcenter.com,,2023-12-11,
thaitumweb.com,service,2023-12-12,
thaitv5hd.com,,2023-12-11,
thaiware.com,,2023-12-11,
thansettakij.com,news,2023-12-11,
theasianparent.com,,2023-12-11,
thefinverse.co,,2023-12-11,
theflower2you.com,,2023-12-11,
theiiat.or.th,finance,2023-12-12,
thematter.co,news,2023-12-11,
thepeople.co,,2023-12-11,
thereporters.co,,2023-12-11,
thermocouple-heater.com,,2023-12-11,
thestandard.co,news,2023-12-11,
thnic.co.th,service,2023-12-12,
thsport.live,,2023-12-11,
thunhoon.com,news,2023-12-11,
tistr.or.th,,2023-12-11,
tkpark.or.th,,2023-12-11,
tlaa.org,insurance,2023-12-12,
tnews.co.th,news,2023-12-11,
tnnthailand.com,news,2023-12-11,
toelom.com,,2023-12-11,
toplinediamond.com,,2023-12-11,
topnews.co.th,news,2023-12-11,
totiptv.com,,2023-12-11,
tourdoi.com/,,2023-12-11,
tourphetchabun.com,,2023-12-11,
tplshopping.com,,2023-12-11,
tpso.go.th,pub,2023-12-11,
trangzone.com,,2023-12-11,
transport.co.th,travel,2023-12-12,
tripandtrek.com,,2023-12-11,
tripgether.com,,2023-12-11,
tru.ac.th,edu,2023-12-11,
true4u.com,,2023-12-11,
trueid.net,portal,2023-12-11,
trueplookpanya.com,portal,2023-12-11,
truevisions.co.th,,2023-12-11,
trypolball.com,,2023-12-11,
tsu.ac.th,edu,2023-12-11,
ttdynamics.co.th,service,2023-12-12,
tu.ac.th,edu,2023-12-11,
tutorphon-ram.com,,2023-12-11,
tv.trueid.net,entertainment,2023-12-12,
tv5.co.th,entertainment,2023-12-12,
tvca.or.th,finance,2023-12-12,
uamulet.com,,2023-12-11,
ubru.ac.th,edu,2023-12-11,
ubu.ac.th,edu,2023-12-11,
ucheckpra.com,,2023-12-11,
udru.ac.th,edu,2023-12-11,
uncle-chorn.com,,2023-12-11,
uru.ac.th,edu,2023-12-11,
utcc.ac.th,edu,2023-12-11,
virtus.co.th,,2023-12-11,
vmodtech.com,,2023-12-11,
vru.ac.th,edu,2023-12-11,
vsm365.com,,2023-12-11,
vtabien.com,,2023-12-11,
watportal.com,,2023-12-11,
watsomanas.com,,2023-12-11,
waymagazine.org,news,2023-12-11,
wazzadu.com,,2023-12-11,
wealthmagik.com,,2023-12-11,
webrongrean.in.th,service,2023-12-12,
weekendhobby.com,,2023-12-11,
welovepro.com,,2023-12-11,
weon.website,,2023-12-11,
whatphone.net,,2023-12-11,
witty.co.th,,2023-12-11,
wongnai.com,,2023-12-11,
worantex.com,,2023-12-11,
workpointtoday.com,news,2023-12-11,
workpointtv.com,,2023-12-11,
wtravel.co.th,,2023-12-11,
wu.ac.th,edu,2023-12-11,
www4.fisheries.go.th,pub,2023-12-11,
xspringcapital.com,,2023-12-12,
yellow.co.th,,2023-12-11,
yellowpages.co.th,,2023-12-11,
youtube.com,entertainment,2023-12-12,
yru.ac.th,edu,2023-12-11,
z.com,service,2023-12-12,
zoindy.com,insurance,2023-12-12,
zumroad.com,,2023-12-11,
ตารางคะแนนพรีเมียร์ลีก.com,,2023-12-11,
ต้นรักขนส่ง.com,,2023-12-11,
ผลสลาก.com,,2023-12-11,
รถ4ล้อใหญ่รับจ้าง.com,,2023-12-11,
รถขนของ.com,,2023-12-11,
รถรับจ้างขนของ.com,,2023-12-11,